год,регион,отрасль,показатель,значение,единица_измерения,источник,ссылка,год_число,период,полнота,причина_попадания,регион_норм,уровень_агрегации,текст_для_rag
2019,ДФО,промышленность,индекс промышленного производства,,% к пред. году,,требует проверки — см. блок пробелов,2019,Year,низкая,нет числового значения,Дальневосточный федеральный округ,округ_ДФО,"Дальневосточный федеральный округ, промышленность: индекс промышленного производства. Значение: данные отсутствуют. Период: Year. Источник: источник не указан."
2020,ДФО,промышленность,индекс промышленного производства,,% к пред. году,,требует проверки — см. блок пробелов,2020,Year,низкая,нет числового значения,Дальневосточный федеральный округ,округ_ДФО,"Дальневосточный федеральный округ, промышленность: индекс промышленного производства. Значение: данные отсутствуют. Период: Year. Источник: источник не указан."
2021,ДФО,промышленность,индекс промышленного производства,,% к пред. году,,требует проверки — см. блок пробелов,2021,Year,низкая,нет числового значения,Дальневосточный федеральный округ,округ_ДФО,"Дальневосточный федеральный округ, промышленность: индекс промышленного производства. Значение: данные отсутствуют. Период: Year. Источник: источник не указан."
2022,ДФО,промышленность,индекс промышленного производства,,% к пред. году,,требует проверки — см. блок пробелов,2022,Year,низкая,нет числового значения,Дальневосточный федеральный округ,округ_ДФО,"Дальневосточный федеральный округ, промышленность: индекс промышленного производства. Значение: данные отсутствуют. Период: Year. Источник: источник не указан."
2023,ДФО,промышленность,индекс промышленного производства,,% к пред. году,,требует проверки — см. блок пробелов,2023,Year,низкая,нет числового значения,Дальневосточный федеральный округ,округ_ДФО,"Дальневосточный федеральный округ, промышленность: индекс промышленного производства. Значение: данные отсутствуют. Период: Year. Источник: источник не указан."
2024,ДФО,промышленность,индекс промышленного производства,,% к пред. году,,требует проверки — см. блок пробелов,2024,Year,низкая,нет числового значения,Дальневосточный федеральный округ,округ_ДФО,"Дальневосточный федеральный округ, промышленность: индекс промышленного производства. Значение: данные отсутствуют. Период: Year. Источник: источник не указан."
2025,ДФО,промышленность,индекс промышленного производства,,% к пред. году,,данные за год ещё не опубликованы полностью,2025,Year,низкая,нет числового значения,Дальневосточный федеральный округ,округ_ДФО,"Дальневосточный федеральный округ, промышленность: индекс промышленного производства. Значение: данные отсутствуют. Период: Year. Источник: источник не указан."
2019-2025,ДФО (по регионам),обрабатывающая промышленность,доля обрабатывающих производств в ВРП,,%,,требует проверки — см. блок пробелов,2025,Cumulative,низкая,нет числового значения; тип периода = Cumulative,Дальневосточный федеральный округ,округ_ДФО,"Дальневосточный федеральный округ, обрабатывающая промышленность: доля обрабатывающих производств в ВРП. Значение: данные отсутствуют. Период: Cumulative. Источник: источник не указан."
2024,Приморский край,судостроение,"портфель заказов ССК ""Звезда""","60+ судов (12 спущено на воду, 20+ строятся)",ед.,Коммерсантъ,https://www.kommersant.ru/doc/7284699,2024,Year,высокая,нет числового значения,Приморский край,регион_ДФО,"Приморский край, судостроение: портфель заказов ССК ""Звезда"". Значение: 60+ судов (12 спущено на воду, 20+ строятся). Период: Year. Источник: Коммерсантъ."
2024,Приморский край,судостроение,"включение ССК ""Звезда"" в санкционный список Минфина США (февраль 2024)",факт,качественный показатель,Коммерсантъ,https://www.kommersant.ru/doc/7295418,2024,Year,высокая,нет числового значения,Приморский край,регион_ДФО,"Приморский край, судостроение: включение ССК ""Звезда"" в санкционный список Минфина США (февраль 2024). Значение: факт. Период: Year. Источник: Коммерсантъ."
2032 (план),Приморский край,судостроение,плановый срок запуска новой верфи ОСК на ДВ (мощность до 12 судов/год),2032,год (плановый),EastRussia (обзор отрасли),https://www.eastrussia.ru/material/byulleten-eastrussia-otraslevoy-analiticheskiy-obzor-sudostroeniya-dfo-osen-2025/,2032,Plan,высокая,тип периода = Plan,Приморский край,регион_ДФО,"Приморский край, судостроение: плановый срок запуска новой верфи ОСК на ДВ (мощность до 12 судов/год). Значение: 2032. Период: Plan. Источник: EastRussia (обзор отрасли)."
не установлен год,ДФО,инвестиции,плановый объём инвестиций в ДФО до 2025 г. (цитата Ю.Трутнева),3.9,трлн руб.,EastRussia (цитата вице-премьера),https://www.eastrussia.ru/news/trutnev-na-dalniy-vostok-pridet-3-9-trln-rubley-investitsiy/,,Unknown,высокая,тип периода = Unknown; год не определён,Дальневосточный федеральный округ,округ_ДФО,"Дальневосточный федеральный округ, инвестиции: плановый объём инвестиций в ДФО до 2025 г. (цитата Ю.Трутнева). Значение: 3.9. Период: Unknown. Источник: EastRussia (цитата вице-премьера)."
не установлен год,ДФО,ТОР/СПВ,число резидентов ТОР/СПВ с иностранным участием,73,ед.,ERDC / материал КРДВ (дата не указана — требует проверки),https://erdc.ru/pdf/krdv.pdf,,Unknown,низкая,тип периода = Unknown; год не определён,Дальневосточный федеральный округ,округ_ДФО,"Дальневосточный федеральный округ, ТОР/СПВ: число резидентов ТОР/СПВ с иностранным участием. Значение: 73. Период: Unknown. Источник: ERDC / материал КРДВ (дата не указана — требует проверки). [Данные требуют проверки.]"
не установлен год,ДФО,ТОР/СПВ,заявленные инвестиции иностранных резидентов ТОР/СПВ,255.7,млрд руб.,ERDC / материал КРДВ (дата не указана — требует проверки),https://erdc.ru/pdf/krdv.pdf,,Unknown,низкая,тип периода = Unknown; год не определён,Дальневосточный федеральный округ,округ_ДФО,"Дальневосточный федеральный округ, ТОР/СПВ: заявленные инвестиции иностранных резидентов ТОР/СПВ. Значение: 255.7. Период: Unknown. Источник: ERDC / материал КРДВ (дата не указана — требует проверки). [Данные требуют проверки.]"
не установлен год,ДФО,СПВ,число открытых предприятий резидентами СПВ,200+,ед.,EastRussia,https://www.eastrussia.ru/news/bolee-200-predpriyatiy-otkryli-rezidenty-spv-na-dalnem-vostoke/,,Unknown,высокая,нет числового значения; тип периода = Unknown; год не определён,Дальневосточный федеральный округ,округ_ДФО,"Дальневосточный федеральный округ, СПВ: число открытых предприятий резидентами СПВ. Значение: 200+. Период: Unknown. Источник: EastRussia."
не установлен год,ДФО,СПВ,проекты резидентов СПВ в сфере недвижимости,762 проекта / 33.7 млрд руб.,млрд руб.,EastRussia,https://www.eastrussia.ru/news/bolee-200-predpriyatiy-otkryli-rezidenty-spv-na-dalnem-vostoke/,,Unknown,высокая,нет числового значения; тип периода = Unknown; год не определён,Дальневосточный федеральный округ,округ_ДФО,"Дальневосточный федеральный округ, СПВ: проекты резидентов СПВ в сфере недвижимости. Значение: 762 проекта / 33.7 млрд руб.. Период: Unknown. Источник: EastRussia."
не установлен год,ДФО,ТОР,лидеры по числу резидентов ТОР,"Приморский край, Камчатка, Хабаровский край, Якутия",качественный рейтинг,EastRussia (интервью гендиректора КРДВ Д.Тихонова),https://www.eastrussia.ru/material/gendirektor-ao-krdv-denis-tikhonov-dostignutye-rezultaty-menyayut-vzglyad-na-veshchi/,,Unknown,высокая,нет числового значения; тип периода = Unknown; год не определён,Дальневосточный федеральный округ,округ_ДФО,"Дальневосточный федеральный округ, ТОР: лидеры по числу резидентов ТОР. Значение: Приморский край, Камчатка, Хабаровский край, Якутия. Период: Unknown. Источник: EastRussia (интервью гендиректора КРДВ Д.Тихонова)."
не установлен год,Амурская область,ТОР,лидер по объёму инвестиций резидентов ТОР,"качественный факт, без цифры",качественный рейтинг,EastRussia (интервью гендиректора КРДВ),https://www.eastrussia.ru/material/gendirektor-ao-krdv-denis-tikhonov-dostignutye-rezultaty-menyayut-vzglyad-na-veshchi/,,Unknown,высокая,нет числового значения; тип периода = Unknown; год не определён,Амурская область,регион_ДФО,"Амурская область, ТОР: лидер по объёму инвестиций резидентов ТОР. Значение: качественный факт, без цифры. Период: Unknown. Источник: EastRussia (интервью гендиректора КРДВ)."
2022,Хабаровский край,авиастроение,"первый фюзеляж SSJ-New собран на заводе ""Иркут"" (Комсомольск-на-Амуре)",факт,качественный показатель,EastRussia,https://www.eastrussia.ru/news/pervyy-fyuzelyazh-laynera-ssj-new-sobrali-v-komsomolske-na-amure/,2022,Year,высокая,нет числового значения,Хабаровский край,регион_ДФО,"Хабаровский край, авиастроение: первый фюзеляж SSJ-New собран на заводе ""Иркут"" (Комсомольск-на-Амуре). Значение: факт. Период: Year. Источник: EastRussia."
2024 (план),Хабаровский край,авиастроение,начало серийного выпуска SSJ-New,факт (план),качественный показатель,BFM.ru / EastRussia,https://www.bfm.ru/news/531276,2024,Plan,высокая,нет числового значения; тип периода = Plan,Хабаровский край,регион_ДФО,"Хабаровский край, авиастроение: начало серийного выпуска SSJ-New. Значение: факт (план). Период: Plan. Источник: BFM.ru / EastRussia."
не установлен год,ДФО,авиастроение,план поставок SSJ New Единой дальневосточной авиакомпании до конца 2025 г.,8 (SSJ New) из 45 отечественных самолётов,ед.,EastRussia (со ссылкой на КРДВ),https://www.eastrussia.ru/news/edinaya-dalnevostochnaya-aviakompaniya-poluchit-vosem-ssj-new/,,Unknown,высокая,нет числового значения; тип периода = Unknown; год не определён,Дальневосточный федеральный округ,округ_ДФО,"Дальневосточный федеральный округ, авиастроение: план поставок SSJ New Единой дальневосточной авиакомпании до конца 2025 г.. Значение: 8 (SSJ New) из 45 отечественных самолётов. Период: Unknown. Источник: EastRussia (со ссылкой на КРДВ)."
не установлен год,Якутия,авиастроение,"SSJ-100 на вооружении авиакомпании ""Якутия""",5,ед.,EastRussia (со ссылкой на КРДВ),https://www.eastrussia.ru/news/edinaya-dalnevostochnaya-aviakompaniya-poluchit-vosem-ssj-new/,,Unknown,высокая,тип периода = Unknown; год не определён,Республика Саха (Якутия),регион_ДФО,"Республика Саха (Якутия), авиастроение: SSJ-100 на вооружении авиакомпании ""Якутия"". Значение: 5. Период: Unknown. Источник: EastRussia (со ссылкой на КРДВ)."
2023,Приморский край,вертолётостроение,"завод ""Прогресс"" (Арсеньев) продолжает серийный выпуск Ка-52 ""Аллигатор""",факт,качественный показатель,Коммерсантъ (историческая справка),https://www.kommersant.ru/doc/1049820,2023,Year,высокая,нет числового значения,Приморский край,регион_ДФО,"Приморский край, вертолётостроение: завод ""Прогресс"" (Арсеньев) продолжает серийный выпуск Ка-52 ""Аллигатор"". Значение: факт. Период: Year. Источник: Коммерсантъ (историческая справка)."
2021 (план),Приморский край,вертолётостроение,начало выпуска пассажирских вертолётов Ка-62 для нужд ДФО,факт (план),качественный показатель,EastRussia,https://www.eastrussia.ru/news/vertolety-dlya-dalnevostochnoy-aviakompanii-budut-stroit-v-primore/,2021,Plan,высокая,нет числового значения; тип периода = Plan,Приморский край,регион_ДФО,"Приморский край, вертолётостроение: начало выпуска пассажирских вертолётов Ка-62 для нужд ДФО. Значение: факт (план). Период: Plan. Источник: EastRussia."
2024,Приморский край,радиоэлектроника,"визит вице-премьера Д.Мантурова на завод ""Дальприбор"" (приборы, датчики, измерительная аппаратура)",факт,качественный показатель,Дайджест НИИЭТ (со ссылкой на пресс-службу Правительства РФ),https://niiet.ru/wp-content/uploads/2024/09/Дайджест_информационных_ресурсов_30_08_06_09_2024_г.pdf,2024,Year,высокая,нет числового значения,Приморский край,регион_ДФО,"Приморский край, радиоэлектроника: визит вице-премьера Д.Мантурова на завод ""Дальприбор"" (приборы, датчики, измерительная аппаратура). Значение: факт. Период: Year. Источник: Дайджест НИИЭТ (со ссылкой на пресс-службу Правительства РФ)."
2024,"РФ (нац. уровень, не ДФО)",дроностроение,выпуск гражданских беспилотников в РФ,~18000,ед./год,"Радио Свобода (со ссылкой на В.Шпака, Минпромторг)",https://www.svoboda.org/a/32558707.html,2024,Year,высокая,нет числового значения,Российская Федерация,РФ,"Российская Федерация, дроностроение: выпуск гражданских беспилотников в РФ. Значение: ~18000. Период: Year. Источник: Радио Свобода (со ссылкой на В.Шпака, Минпромторг)."
2020-2025,Приморский край,наука/наноэлектроника,"создание ИНТЦ ""Русский"" и синхротрона на о. Русский как инфраструктуры для материаловедения/микроэлектроники",факт (в процессе),качественный показатель,ДВФУ / ИНТиПМ ДВО РАН,https://www.dvfu.ru/the_consortium_integration/documents/ИНТиПМ_ДВО РАН_.pdf,2025,Cumulative,высокая,нет числового значения; тип периода = Cumulative,Приморский край,регион_ДФО,"Приморский край, наука/наноэлектроника: создание ИНТЦ ""Русский"" и синхротрона на о. Русский как инфраструктуры для материаловедения/микроэлектроники. Значение: факт (в процессе). Период: Cumulative. Источник: ДВФУ / ИНТиПМ ДВО РАН."
2020-2025,Приморский край,робототехника (кадры),"открытие направлений подготовки ""Мехатроника и робототехника"" в ДВФУ (бакалавриат/магистратура, совместно с ИАПУ ДВО РАН)",факт,качественный показатель,ДВФУ,https://postupi.dvfu.ru/upload/medialibrary/586/6twyx5opiv0g0hupapu0tsf3234qrqdq/15.03.06 Мехатроника и робототехника.pdf,2025,Cumulative,высокая,нет числового значения; тип периода = Cumulative,Приморский край,регион_ДФО,"Приморский край, робототехника (кадры): открытие направлений подготовки ""Мехатроника и робототехника"" в ДВФУ (бакалавриат/магистратура, совместно с ИАПУ ДВО РАН). Значение: факт. Период: Cumulative. Источник: ДВФУ."
2020,Приморский край,наука/инфраструктура,"принято постановление Правительства РФ №1868 о создании ИНТЦ ""Русский""",факт (18.11.2020),качественный показатель,ppt.ru (обзор НПА),https://ppt.ru/amp/obzory/vstupaet-v-silu/postanovlenie-pravitelstva-rf-15-05-2025-653,2020,Year,высокая,нет числового значения,Приморский край,регион_ДФО,"Приморский край, наука/инфраструктура: принято постановление Правительства РФ №1868 о создании ИНТЦ ""Русский"". Значение: факт (18.11.2020). Период: Year. Источник: ppt.ru (обзор НПА)."
2022,Приморский край,биомедицина/биотехнологии,"анонс создания 4 кластеров ИНТЦ ""Русский"" (Биомедицина, Биотехнологии, Морская инженерия, IT-парк)",факт,качественный показатель,GxP News,https://gxpnews.net/2022/08/na-dalnem-vostoke-sozdadut-novyj-biomediczinskij-klaster/,2022,Year,высокая,нет числового значения,Приморский край,регион_ДФО,"Приморский край, биомедицина/биотехнологии: анонс создания 4 кластеров ИНТЦ ""Русский"" (Биомедицина, Биотехнологии, Морская инженерия, IT-парк). Значение: факт. Период: Year. Источник: GxP News."
2022,Приморский край,биомедицина,"первым запускаемым кластером ИНТЦ ""Русский"" объявлена ""Биомедицина"" (клеточные продукты, лазерная микроскопия, виварий)",факт,качественный показатель,GxP News,https://gxpnews.net/2022/08/na-dalnem-vostoke-sozdadut-novyj-biomediczinskij-klaster/,2022,Year,высокая,нет числового значения,Приморский край,регион_ДФО,"Приморский край, биомедицина: первым запускаемым кластером ИНТЦ ""Русский"" объявлена ""Биомедицина"" (клеточные продукты, лазерная микроскопия, виварий). Значение: факт. Период: Year. Источник: GxP News."
2025,Приморский край,фарма/биомедицина,"биомедицина и фармацевтика официально включены в перечень научных направлений ИНТЦ ""Русский"" (постановление №653 от 15.05.2025)",факт,качественный показатель,Фармацевтический вестник,https://pharmvestnik.ru/content/news/Biomedicina-i-farmacevtika-vklucheny-v-perechen-nauchnyh-napravlenii-centra-Russkii.html,2025,Year,высокая,нет числового значения,Приморский край,регион_ДФО,"Приморский край, фарма/биомедицина: биомедицина и фармацевтика официально включены в перечень научных направлений ИНТЦ ""Русский"" (постановление №653 от 15.05.2025). Значение: факт. Период: Year. Источник: Фармацевтический вестник."
2025,Приморский край,фармацевтика,"первые резиденты ИНТЦ ""Русский"" — компании ""Авексима Иннотех"" и ""Авексима Диол"" (запуск на ВЭФ-2025)",факт,качественный показатель,GxP News (со ссылкой на Ю.Трутнева),https://gxpnews.net/2025/09/farmaczevticheskie-kompanii-stali-pervymi-rezidentami-innovaczionnogo-czentra-na-ostrove-russkij/,2025,Year,высокая,нет числового значения,Приморский край,регион_ДФО,"Приморский край, фармацевтика: первые резиденты ИНТЦ ""Русский"" — компании ""Авексима Иннотех"" и ""Авексима Диол"" (запуск на ВЭФ-2025). Значение: факт. Период: Year. Источник: GxP News (со ссылкой на Ю.Трутнева)."
2025,Приморский край,фармацевтика,"запуск пилотной линии производства препарата ""Димолегина"" (антитромботический, ""Авексима Диол"")",факт,качественный показатель,GxP News,https://gxpnews.net/2025/09/farmaczevticheskie-kompanii-stali-pervymi-rezidentami-innovaczionnogo-czentra-na-ostrove-russkij/,2025,Year,высокая,нет числового значения,Приморский край,регион_ДФО,"Приморский край, фармацевтика: запуск пилотной линии производства препарата ""Димолегина"" (антитромботический, ""Авексима Диол""). Значение: факт. Период: Year. Источник: GxP News."
2025,Приморский край,фармацевтика,"инвестиции в пилотный проект ""Авексима Диол"" (лаборатория 500 кв.м + производство)",150+,млн руб.,GxP News,https://gxpnews.net/2025/09/farmaczevticheskie-kompanii-stali-pervymi-rezidentami-innovaczionnogo-czentra-na-ostrove-russkij/,2025,Year,высокая,нет числового значения,Приморский край,регион_ДФО,"Приморский край, фармацевтика: инвестиции в пилотный проект ""Авексима Диол"" (лаборатория 500 кв.м + производство). Значение: 150+. Период: Year. Источник: GxP News."
2022,Приморский край,биомедицина,"переговоры ИНТЦ ""Русский"" с ""ХимРар"" и ""Р-Фарм"" (лидеры фарм. отрасли РФ) о сотрудничестве","факт (переговоры, не завершённая сделка)",качественный показатель,GxP News,https://gxpnews.net/2022/08/na-dalnem-vostoke-sozdadut-novyj-biomediczinskij-klaster/,2022,Year,высокая,нет числового значения,Приморский край,регион_ДФО,"Приморский край, биомедицина: переговоры ИНТЦ ""Русский"" с ""ХимРар"" и ""Р-Фарм"" (лидеры фарм. отрасли РФ) о сотрудничестве. Значение: факт (переговоры, не завершённая сделка). Период: Year. Источник: GxP News."
2020-2025,Приморский край,наука,создание синхротрона на о. Русский как инфраструктуры для биотехнологий и материаловедения,факт (в процессе),качественный показатель,ИНТиПМ ДВО РАН / ДВФУ,https://www.dvfu.ru/the_consortium_integration/documents/ИНТиПМ_ДВО РАН_.pdf,2025,Cumulative,высокая,нет числового значения; тип периода = Cumulative,Приморский край,регион_ДФО,"Приморский край, наука: создание синхротрона на о. Русский как инфраструктуры для биотехнологий и материаловедения. Значение: факт (в процессе). Период: Cumulative. Источник: ИНТиПМ ДВО РАН / ДВФУ."
2025,ДФО,туризм (инвестиции),"заключено инвестсоглашений по туризму (горнолыжки, отели, спа)",~300,ед.,Минтранс РФ (цитата Н.Запрягаева),https://www.mintrans.gov.ru/press-center/branch-news/9073,2025,Year,высокая,нет числового значения,Дальневосточный федеральный округ,округ_ДФО,"Дальневосточный федеральный округ, туризм (инвестиции): заключено инвестсоглашений по туризму (горнолыжки, отели, спа). Значение: ~300. Период: Year. Источник: Минтранс РФ (цитата Н.Запрягаева)."
2019,ДФО,ВЭФ,итоги ВЭФ-2019,,,,требует проверки — не найдено в этом проходе,2019,Year,низкая,нет числового значения,Дальневосточный федеральный округ,округ_ДФО,"Дальневосточный федеральный округ, ВЭФ: итоги ВЭФ-2019. Значение: данные отсутствуют. Период: Year. Источник: источник не указан."
2020,ДФО,ВЭФ,форум не проводился (пандемия COVID-19),0 (форум отменён),качественный показатель,требует проверки,требует проверки,2020,Year,низкая,нет числового значения,Дальневосточный федеральный округ,округ_ДФО,"Дальневосточный федеральный округ, ВЭФ: форум не проводился (пандемия COVID-19). Значение: 0 (форум отменён). Период: Year. Источник: требует проверки. [Данные требуют проверки.]"
2021,ДФО,ВЭФ,итоги ВЭФ-2021,,,,требует проверки — не найдено в этом проходе,2021,Year,низкая,нет числового значения,Дальневосточный федеральный округ,округ_ДФО,"Дальневосточный федеральный округ, ВЭФ: итоги ВЭФ-2021. Значение: данные отсутствуют. Период: Year. Источник: источник не указан."
2022,ДФО,ВЭФ,итоги ВЭФ-2022,,,,требует проверки — не найдено в этом проходе,2022,Year,низкая,нет числового значения,Дальневосточный федеральный округ,округ_ДФО,"Дальневосточный федеральный округ, ВЭФ: итоги ВЭФ-2022. Значение: данные отсутствуют. Период: Year. Источник: источник не указан."
2024,ДФО,ВЭФ,итоги ВЭФ-2024 — подписано соглашений,"313 (cdu.ru) / 258 (Трутнев, expert.ru) — расхождение источников",ед.,cdu.ru; expert.ru,https://www.cdu.ru/tek_russia/articles/3/1303 ; https://expert.ru/news/na-vef-zaklyucheny-soglasheniya-na-rekordnye-5-i-4-trln-rubley,2024,Year,низкая,нет числового значения,Дальневосточный федеральный округ,округ_ДФО,"Дальневосточный федеральный округ, ВЭФ: итоги ВЭФ-2024 — подписано соглашений. Значение: 313 (cdu.ru) / 258 (Трутнев, expert.ru) — расхождение источников. Период: Year. Источник: cdu.ru; expert.ru."
2024,ДФО,ВЭФ,итоги ВЭФ-2024 — сумма соглашений,"5.569 трлн руб. (cdu.ru) / 5.395 трлн руб. (Трутнев, expert.ru) — расхождение источников",трлн руб.,cdu.ru; expert.ru,https://www.cdu.ru/tek_russia/articles/3/1303 ; https://expert.ru/news/na-vef-zaklyucheny-soglasheniya-na-rekordnye-5-i-4-trln-rubley,2024,Year,низкая,нет числового значения,Дальневосточный федеральный округ,округ_ДФО,"Дальневосточный федеральный округ, ВЭФ: итоги ВЭФ-2024 — сумма соглашений. Значение: 5.569 трлн руб. (cdu.ru) / 5.395 трлн руб. (Трутнев, expert.ru) — расхождение источников. Период: Year. Источник: cdu.ru; expert.ru."
2024,ДФО,ВЭФ,межрегиональные соглашения 13 регионов РФ на ВЭФ-2024,119 соглашений / 724 млрд руб.,млрд руб.,cdu.ru,https://www.cdu.ru/tek_russia/articles/3/1303,2024,Year,высокая,нет числового значения,Дальневосточный федеральный округ,округ_ДФО,"Дальневосточный федеральный округ, ВЭФ: межрегиональные соглашения 13 регионов РФ на ВЭФ-2024. Значение: 119 соглашений / 724 млрд руб.. Период: Year. Источник: cdu.ru."
2025,ДФО,ВЭФ,итоги ВЭФ-2025 — сумма соглашений,6.51 трлн руб. (Finance.Mail) / 6.051 трлн руб. (Expert.ru) — расхождение источников,трлн руб.,Finance.Mail.ru; Expert.ru,https://finance.mail.ru/article/soglasheniya-6-6-trln-rubley-byli-podpisany-v-ramkah-vef-2025-67767533/ ; https://expert.ru/news/na-vef-podpisali-bolee-350-soglasheniy-na-6-trln-rubley,2025,Year,низкая,нет числового значения,Дальневосточный федеральный округ,округ_ДФО,"Дальневосточный федеральный округ, ВЭФ: итоги ВЭФ-2025 — сумма соглашений. Значение: 6.51 трлн руб. (Finance.Mail) / 6.051 трлн руб. (Expert.ru) — расхождение источников. Период: Year. Источник: Finance.Mail.ru; Expert.ru."
2025,ДФО,ВЭФ,межрегиональные соглашения 15 регионов РФ на ВЭФ-2025,153 документа / 2.8 трлн руб.,трлн руб.,Finance.Mail.ru,https://finance.mail.ru/article/na-vef-15-regionov-rossii-podpisali-153-dokumenta-na-summu-pochti-2-8-trln-rubley-67776859/,2025,Year,высокая,нет числового значения,Дальневосточный федеральный округ,округ_ДФО,"Дальневосточный федеральный округ, ВЭФ: межрегиональные соглашения 15 регионов РФ на ВЭФ-2025. Значение: 153 документа / 2.8 трлн руб.. Период: Year. Источник: Finance.Mail.ru."
"до 2025 (план, дата цитаты не установлена)",ДФО,общие инвестиции,"плановый объём инвестиций в ДФО (цитата Ю.Трутнева, см. Блок 1)",3.9,трлн руб.,EastRussia,https://www.eastrussia.ru/news/trutnev-na-dalniy-vostok-pridet-3-9-trln-rubley-investitsiy/,,Unknown,высокая,тип периода = Unknown; год не определён,Дальневосточный федеральный округ,округ_ДФО,"Дальневосточный федеральный округ, общие инвестиции: плановый объём инвестиций в ДФО (цитата Ю.Трутнева, см. Блок 1). Значение: 3.9. Период: Unknown. Источник: EastRussia."
2020 (целевой показатель),ДФО,демография,целевой показатель стабилизации населения по Концепции демографической политики ДФО (2017 г.),8.3,млн чел. (план),Власть и управление на Востоке России,https://vlastdviu.ranepa.ru/downLoad/rio/j2025-2/3.pdf,2020,Plan,высокая,тип периода = Plan,Дальневосточный федеральный округ,округ_ДФО,"Дальневосточный федеральный округ, демография: целевой показатель стабилизации населения по Концепции демографической политики ДФО (2017 г.). Значение: 8.3. Период: Plan. Источник: Власть и управление на Востоке России."
2025 (целевой показатель),ДФО,демография,целевой показатель роста населения по Концепции демографической политики ДФО,8.6,млн чел. (план),Власть и управление на Востоке России,https://vlastdviu.ranepa.ru/downLoad/rio/j2025-2/3.pdf,2025,Plan,высокая,тип периода = Plan,Дальневосточный федеральный округ,округ_ДФО,"Дальневосточный федеральный округ, демография: целевой показатель роста населения по Концепции демографической политики ДФО. Значение: 8.6. Период: Plan. Источник: Власть и управление на Востоке России."
2025 (план),ДФО,труд,"потребность в кадрах под новые инвестпроекты (цитата замглавы Минвостокразвития С.Качаева, дата статьи не установлена)",100000,новых рабочих мест (план),EastRussia,https://www.eastrussia.ru/material/ottok-naseleniya-vykhodit-iz-pod-obyasneniya/,2025,Plan,высокая,тип периода = Plan,Дальневосточный федеральный округ,округ_ДФО,"Дальневосточный федеральный округ, труд: потребность в кадрах под новые инвестпроекты (цитата замглавы Минвостокразвития С.Качаева, дата статьи не установлена). Значение: 100000. Период: Plan. Источник: EastRussia."
2019,ДФО,демография,численность населения по регионам,,тыс. чел. по каждому региону,,требует проверки — см. блок пробелов,2019,Year,низкая,нет числового значения,Дальневосточный федеральный округ,округ_ДФО,"Дальневосточный федеральный округ, демография: численность населения по регионам. Значение: данные отсутствуют. Период: Year. Источник: источник не указан."
2020,ДФО,демография,численность населения по регионам,,тыс. чел. по каждому региону,,требует проверки — см. блок пробелов,2020,Year,низкая,нет числового значения,Дальневосточный федеральный округ,округ_ДФО,"Дальневосточный федеральный округ, демография: численность населения по регионам. Значение: данные отсутствуют. Период: Year. Источник: источник не указан."
2021,ДФО,демография,численность населения по регионам,,тыс. чел. по каждому региону,,требует проверки — см. блок пробелов,2021,Year,низкая,нет числового значения,Дальневосточный федеральный округ,округ_ДФО,"Дальневосточный федеральный округ, демография: численность населения по регионам. Значение: данные отсутствуют. Период: Year. Источник: источник не указан."
2022,ДФО,демография,численность населения по регионам,,тыс. чел. по каждому региону,,требует проверки — см. блок пробелов,2022,Year,низкая,нет числового значения,Дальневосточный федеральный округ,округ_ДФО,"Дальневосточный федеральный округ, демография: численность населения по регионам. Значение: данные отсутствуют. Период: Year. Источник: источник не указан."
2023,ДФО,демография,численность населения по регионам,,тыс. чел. по каждому региону,,требует проверки — см. блок пробелов,2023,Year,низкая,нет числового значения,Дальневосточный федеральный округ,округ_ДФО,"Дальневосточный федеральный округ, демография: численность населения по регионам. Значение: данные отсутствуют. Период: Year. Источник: источник не указан."
2019-2025,ДФО,демография,миграционный прирост/убыль по годам и регионам,,чел.,,требует проверки — см. блок пробелов,2025,Cumulative,низкая,нет числового значения; тип периода = Cumulative,Дальневосточный федеральный округ,округ_ДФО,"Дальневосточный федеральный округ, демография: миграционный прирост/убыль по годам и регионам. Значение: данные отсутствуют. Период: Cumulative. Источник: источник не указан."
2019-2025,ДФО,труд,средняя заработная плата в абсолютных числах по регионам,,руб.,,требует проверки — см. блок пробелов,2025,Cumulative,низкая,нет числового значения; тип периода = Cumulative,Дальневосточный федеральный округ,округ_ДФО,"Дальневосточный федеральный округ, труд: средняя заработная плата в абсолютных числах по регионам. Значение: данные отсутствуют. Период: Cumulative. Источник: источник не указан."
2025,Приморский край,ИИ (кадры),"число студентов ДВФУ по направлению ""Искусственный интеллект и анализ данных""",100+,чел.,EastRussia (со ссылкой на ДВФУ),https://www.eastrussia.ru/news/menyayushchie-povsednevnost-tekhnologii-predstavit-sber/,2025,Year,высокая,нет числового значения,Приморский край,регион_ДФО,"Приморский край, ИИ (кадры): число студентов ДВФУ по направлению ""Искусственный интеллект и анализ данных"". Значение: 100+. Период: Year. Источник: EastRussia (со ссылкой на ДВФУ)."
2025,ДФО,ИИ (бизнес-применение),"качественные примеры внедрения ИИ в бизнес-процессы (анализ звонков, найм, саммаризация встреч) на конференциях с участием ДВ-компаний","факт (качественно, без региональной статистики)",качественный показатель,EastRussia,https://www.eastrussia.ru/news/menyayushchie-povsednevnost-tekhnologii-predstavit-sber/,2025,Year,высокая,нет числового значения,Дальневосточный федеральный округ,округ_ДФО,"Дальневосточный федеральный округ, ИИ (бизнес-применение): качественные примеры внедрения ИИ в бизнес-процессы (анализ звонков, найм, саммаризация встреч) на конференциях с участием ДВ-компаний. Значение: факт (качественно, без региональной статистики). Период: Year. Источник: EastRussia."
2010,Приморский край,космический мониторинг,создание Центра космического мониторинга (Спутниковый центр ДВО РАН — ЦКП РСМ ОС ДВО РАН),факт,качественный показатель,Sovzond / научная статья ДВО РАН,https://sovzond.ru/upload/iblock/c89/9_62-68.pdf,2010,Year,высокая,нет числового значения,Приморский край,регион_ДФО,"Приморский край, космический мониторинг: создание Центра космического мониторинга (Спутниковый центр ДВО РАН — ЦКП РСМ ОС ДВО РАН). Значение: факт. Период: Year. Источник: Sovzond / научная статья ДВО РАН."
2011,Приморский край,космический мониторинг,мониторинг атмосферы и океана в районе АЭС Фукусима-1 силами Спутникового центра ДВО РАН,факт,качественный показатель,Sovzond,https://sovzond.ru/upload/iblock/c89/9_62-68.pdf,2011,Year,высокая,нет числового значения,Приморский край,регион_ДФО,"Приморский край, космический мониторинг: мониторинг атмосферы и океана в районе АЭС Фукусима-1 силами Спутникового центра ДВО РАН. Значение: факт. Период: Year. Источник: Sovzond."
2019-2025,Приморский край,космический мониторинг,функции спутникового центра ДВО РАН — мониторинг ЧС и акваторий Японского моря (актуальность на 2023-2025 не подтверждена),"факт (инфраструктура существует, актуальный статус требует проверки)",качественный показатель,Sovzond,https://sovzond.ru/upload/iblock/c89/9_62-68.pdf,2025,Cumulative,низкая,нет числового значения; тип периода = Cumulative,Приморский край,регион_ДФО,"Приморский край, космический мониторинг: функции спутникового центра ДВО РАН — мониторинг ЧС и акваторий Японского моря (актуальность на 2023-2025 не подтверждена). Значение: факт (инфраструктура существует, актуальный статус требует проверки). Период: Cumulative. Источник: Sovzond."
2024,"РФ (общемировой контекст, не ДФО-специфично)",космический мониторинг,"запущено спутников ДЗЗ в мире за год (справочно, для контекста отрасли)",~300,ед.,научная публикация СГАУ (со ссылкой на Bryce Space and Technology Report),https://ssau.ru/storage/pages/6914/file_69b3ea50a76c84.22339904.pdf,2024,Year,высокая,нет числового значения,"Мир (справочный контекст, не РФ)",иной,"Мир (справочный контекст, не РФ), космический мониторинг: запущено спутников ДЗЗ в мире за год (справочно, для контекста отрасли). Значение: ~300. Период: Year. Источник: научная публикация СГАУ (со ссылкой на Bryce Space and Technology Report)."
2019-2025,ДФО,цифровые платформы,"отраслевые цифровые платформы региона (Госуслуги ДВ, платформы КРДВ для резидентов и др.)",,качественный/количественный показатель,,требует проверки — не найдено в этом проходе,2025,Cumulative,низкая,нет числового значения; тип периода = Cumulative,Дальневосточный федеральный округ,округ_ДФО,"Дальневосточный федеральный округ, цифровые платформы: отраслевые цифровые платформы региона (Госуслуги ДВ, платформы КРДВ для резидентов и др.). Значение: данные отсутствуют. Период: Cumulative. Источник: источник не указан."
2019-2025,ДФО,ИИ в отраслях,"внедрение ИИ в промышленность, добычу, логистику ДФО (конкретные кейсы и объёмы)",,качественный/количественный показатель,,требует проверки — не найдено в этом проходе,2025,Cumulative,низкая,нет числового значения; тип периода = Cumulative,Дальневосточный федеральный округ,округ_ДФО,"Дальневосточный федеральный округ, ИИ в отраслях: внедрение ИИ в промышленность, добычу, логистику ДФО (конкретные кейсы и объёмы). Значение: данные отсутствуют. Период: Cumulative. Источник: источник не указан."
2019-2025,ДФО,космический мониторинг,"радарное зондирование конкретно для ДФО (Севморпуть, порты, промысел) — проекты и охват",,качественный/количественный показатель,,требует проверки — см. блок пробелов,2025,Cumulative,низкая,нет числового значения; тип периода = Cumulative,Дальневосточный федеральный округ,округ_ДФО,"Дальневосточный федеральный округ, космический мониторинг: радарное зондирование конкретно для ДФО (Севморпуть, порты, промысел) — проекты и охват. Значение: данные отсутствуют. Период: Cumulative. Источник: источник не указан."
2019,ДФО,демография,"численность постоянного населения на 1 января (после присоединения Бурятии и Забайкальского края в 2018 г., рост показателя в 2019 г. — эффект присоединения, не органический рост)",,тыс. чел.,требует проверки — см. блок «что не удалось найти»,,2019,Year,низкая,нет числового значения,Дальневосточный федеральный округ,округ_ДФО,"Дальневосточный федеральный округ, демография: численность постоянного населения на 1 января (после присоединения Бурятии и Забайкальского края в 2018 г., рост показателя в 2019 г. — эффект присоединения, не органический рост). Значение: данные отсутствуют. Период: Year. Источник: требует проверки — см. блок «что не удалось найти». [Данные требуют проверки.]"
2020,ДФО,демография,численность постоянного населения на 1 января,,тыс. чел.,требует проверки,,2020,Year,низкая,нет числового значения,Дальневосточный федеральный округ,округ_ДФО,"Дальневосточный федеральный округ, демография: численность постоянного населения на 1 января. Значение: данные отсутствуют. Период: Year. Источник: требует проверки. [Данные требуют проверки.]"
2021,ДФО,демография,"численность постоянного населения на 1 января (по Росстату, сокращение на 0,5% за 2021 год)",,тыс. чел.,"требует проверки (значение снижения % найдено, абсолютная цифра — нет)",https://science.vvsu.ru/files/1EE41846-2439-41AD-B4B3-DC5B24D94B39.pdf,2021,Year,низкая,нет числового значения,Дальневосточный федеральный округ,округ_ДФО,"Дальневосточный федеральный округ, демография: численность постоянного населения на 1 января (по Росстату, сокращение на 0,5% за 2021 год). Значение: данные отсутствуют. Период: Year. Источник: требует проверки (значение снижения % найдено, абсолютная цифра — нет). [Данные требуют проверки.]"
2022,ДФО,демография,численность постоянного населения на 1 января,,тыс. чел.,требует проверки,,2022,Year,низкая,нет числового значения,Дальневосточный федеральный округ,округ_ДФО,"Дальневосточный федеральный округ, демография: численность постоянного населения на 1 января. Значение: данные отсутствуют. Период: Year. Источник: требует проверки. [Данные требуют проверки.]"
2023,ДФО,демография,численность постоянного населения на 1 января,,тыс. чел.,требует проверки,,2023,Year,низкая,нет числового значения,Дальневосточный федеральный округ,округ_ДФО,"Дальневосточный федеральный округ, демография: численность постоянного населения на 1 января. Значение: данные отсутствуют. Период: Year. Источник: требует проверки. [Данные требуют проверки.]"
"2018 (справочно, не входит в ряд 2019-2025)",ДФО,демография,численность постоянного населения на момент присоединения Бурятии и Забайкальского края (справочная точка отсчёта),8200,тыс. чел.,Власть и управление на Востоке России (со ссылкой на Росстат),https://vlastdviu.ranepa.ru/downLoad/rio/j2025-2/3.pdf,2025,Cumulative,высокая,тип периода = Cumulative,Дальневосточный федеральный округ,округ_ДФО,"Дальневосточный федеральный округ, демография: численность постоянного населения на момент присоединения Бурятии и Забайкальского края (справочная точка отсчёта). Значение: 8200. Период: Cumulative. Источник: Власть и управление на Востоке России (со ссылкой на Росстат)."
2018-2024 (совокупно),ДФО,демография,снижение численности населения ДФО с начала 2018 г. по 2024 г.,3.4,% (совокупно за период),"EastRussia (Бюллетень EastRussia, со ссылкой на Росстат)",https://www.eastrussia.ru/material/byulleten-eastrussia-analiticheskiy-obzor-sotsialnoy-sfery-dfo-vesna-2026/,2024,Cumulative,высокая,тип периода = Cumulative,Дальневосточный федеральный округ,округ_ДФО,"Дальневосточный федеральный округ, демография: снижение численности населения ДФО с начала 2018 г. по 2024 г.. Значение: 3.4. Период: Cumulative. Источник: EastRussia (Бюллетень EastRussia, со ссылкой на Росстат)."
"1991-2024 (совокупно, справочно)",ДФО,демография,снижение численности населения макрорегиона с исторического максимума 1991 г.,24.6,% (совокупно за период),EastRussia,https://www.eastrussia.ru/material/byulleten-eastrussia-analiticheskiy-obzor-sotsialnoy-sfery-dfo-vesna-2026/,2024,Cumulative,высокая,тип периода = Cumulative,Дальневосточный федеральный округ,округ_ДФО,"Дальневосточный федеральный округ, демография: снижение численности населения макрорегиона с исторического максимума 1991 г.. Значение: 24.6. Период: Cumulative. Источник: EastRussia."
2019,Республика Саха (Якутия),демография,"единственный регион ДФО с устойчивым ростом постоянного населения начиная с 2014 г. (качественный факт, без абсолютной цифры по годам)",,качественный показатель,Власть и управление на Востоке России (научная статья),https://vlastdviu.ranepa.ru/downLoad/rio/j2025-2/3.pdf,2019,Year,низкая,нет числового значения,Республика Саха (Якутия),регион_ДФО,"Республика Саха (Якутия), демография: единственный регион ДФО с устойчивым ростом постоянного населения начиная с 2014 г. (качественный факт, без абсолютной цифры по годам). Значение: данные отсутствуют. Период: Year. Источник: Власть и управление на Востоке России (научная статья)."
"2025 (стратегическая цель, не факт)",ДФО,демография,целевой показатель численности населения к 2025 г. по демографической стратегии ДФО — НЕ ДОСТИГНУТ,"8600 (план, не факт)",тыс. чел. (план),EastRussia (Бюллетень EastRussia),https://www.eastrussia.ru/material/byulleten-eastrussia-analiticheskiy-obzor-sotsialnoy-sfery-dfo-vesna-2026/,2025,Plan,высокая,нет числового значения; тип периода = Plan,Дальневосточный федеральный округ,округ_ДФО,"Дальневосточный федеральный округ, демография: целевой показатель численности населения к 2025 г. по демографической стратегии ДФО — НЕ ДОСТИГНУТ. Значение: 8600 (план, не факт). Период: Plan. Источник: EastRussia (Бюллетень EastRussia)."
2024,ДФО,демография,"ПРОТИВОРЕЧИЕ: по данным другого интервью (Е.Ли, «Востокгосплан»), в 2024 г. миграционный баланс впервые за долгое время стал ПОЛОЖИТЕЛЬНЫМ — расходится с оценкой М.Кузнецова выше",требует проверки (два источника одной организации дают разные знаки),качественный показатель,EastRussia (интервью Е.Ли),https://www.eastrussia.ru/material/demografiya-dalnego-vostoka-nas-vse-menshe-no-est-nyuans/,2024,Year,низкая,нет числового значения,Дальневосточный федеральный округ,округ_ДФО,"Дальневосточный федеральный округ, демография: ПРОТИВОРЕЧИЕ: по данным другого интервью (Е.Ли, «Востокгосплан»), в 2024 г. миграционный баланс впервые за долгое время стал ПОЛОЖИТЕЛЬНЫМ — расходится с оценкой М.Кузнецова выше. Значение: требует проверки (два источника одной организации дают разные знаки). Период: Year. Источник: EastRussia (интервью Е.Ли)."
2025,ДФО,демография,коэффициент/абсолютное значение миграционного прироста,,,требует проверки — не найдено в этом проходе,,2025,Year,низкая,нет числового значения,Дальневосточный федеральный округ,округ_ДФО,"Дальневосточный федеральный округ, демография: коэффициент/абсолютное значение миграционного прироста. Значение: данные отсутствуют. Период: Year. Источник: требует проверки — не найдено в этом проходе. [Данные требуют проверки.]"
2019-2025,ДФО (11 регионов),демография,миграционный прирост/убыль по каждому региону отдельно,,чел.,требует проверки — см. блок «что не удалось найти»,,2025,Cumulative,низкая,нет числового значения; тип периода = Cumulative,Дальневосточный федеральный округ,округ_ДФО,"Дальневосточный федеральный округ, демография: миграционный прирост/убыль по каждому региону отдельно. Значение: данные отсутствуют. Период: Cumulative. Источник: требует проверки — см. блок «что не удалось найти». [Данные требуют проверки.]"
