год,регион,отрасль,показатель,значение,единица_измерения,источник,ссылка,год_число,период,полнота,регион_норм,уровень_агрегации,текст_для_rag
2023,"РФ (справочно, не ДФО)",обрабатывающая промышленность,индекс промышленного производства,108.7,% к пред. году,Росстат,https://rosstat.gov.ru/folder/313/document/253870,2023,Year,высокая,Российская Федерация,РФ,В 2023 году в регионе Российская Федерация показатель «индекс промышленного производства» в отрасли «обрабатывающая промышленность» составил 108.7 % к пред. году. Источник: Росстат.
2024,"РФ (справочно, не ДФО)",обрабатывающая промышленность,рост выпуска обрабатывающих производств,8.5,% г/г,Минэкономразвития РФ,https://www.economy.gov.ru/material/file/8aa341310b8d9fb9d1c97ae486d87979/o_dinamike_promyshlennogo_proizvodstva_itogi_2024_goda.pdf,2024,Year,высокая,Российская Федерация,РФ,В 2024 году в регионе Российская Федерация показатель «рост выпуска обрабатывающих производств» в отрасли «обрабатывающая промышленность» составил 8.5 % г/г. Источник: Минэкономразвития РФ.
2017,Приморский край,судостроение,"оценочная стоимость проекта ССК ""Звезда""",145.5,млрд руб.,Коммерсантъ (со ссылкой на данные компании),https://www.kommersant.ru/doc/7295418,2017,Year,высокая,Приморский край,регион_ДФО,"В 2017 году в регионе Приморский край показатель «оценочная стоимость проекта ССК ""Звезда""» в отрасли «судостроение» составил 145.5 млрд руб. Источник: Коммерсантъ (со ссылкой на данные компании)."
2024,Приморский край,судостроение,"оценка активов ССК ""Звезда"" при обсуждении сделки с ОСК",250,млрд руб.,The Moscow Times (со ссылкой на источники РБК),https://ru.themoscowtimes.com/2024/11/08/update-1-rosneft-i-vtb-nachali-peregovory-o-vkhozhdenii-sudoverfi-zvezda-v-osk-a147181,2024,Year,высокая,Приморский край,регион_ДФО,"В 2024 году в регионе Приморский край показатель «оценка активов ССК ""Звезда"" при обсуждении сделки с ОСК» в отрасли «судостроение» составил 250 млрд руб. Источник: The Moscow Times (со ссылкой на источники РБК)."
2023,Хабаровский край,авиастроение,заявленный плановый годовой выпуск SSJ-New (С.Чемезов),20,самолётов/год,BFM.ru,https://www.bfm.ru/news/531276,2023,Year,высокая,Хабаровский край,регион_ДФО,В 2023 году в регионе Хабаровский край показатель «заявленный плановый годовой выпуск SSJ-New (С.Чемезов)» в отрасли «авиастроение» составил 20 самолётов/год. Источник: BFM.ru.
2022,Хабаровский край,авиастроение,доля импортных комплектующих в версии SSJ-100 до импортозамещения,70,%,EastRussia,https://www.eastrussia.ru/news/edinaya-dalnevostochnaya-aviakompaniya-poluchit-vosem-ssj-new/,2022,Year,высокая,Хабаровский край,регион_ДФО,В 2022 году в регионе Хабаровский край показатель «доля импортных комплектующих в версии SSJ-100 до импортозамещения» в отрасли «авиастроение» составил 70 %. Источник: EastRussia.
2022,Хабаровский край,авиастроение,заявленная стоимость сборки SSJ-New (без двигателей),50,млрд руб.,EastRussia,https://www.eastrussia.ru/news/edinaya-dalnevostochnaya-aviakompaniya-poluchit-vosem-ssj-new/,2022,Year,высокая,Хабаровский край,регион_ДФО,В 2022 году в регионе Хабаровский край показатель «заявленная стоимость сборки SSJ-New (без двигателей)» в отрасли «авиастроение» составил 50 млрд руб. Источник: EastRussia.
2024,"ДФО (нац. уровень, не региональный)",дроностроение,производство гражданских беспилотников в РФ выросло,2.5,раз к 2023 г.,ComNews,https://www.comnews.ru/content/237485/2025-01-30/2025-w05/1008/drony-vzleteli-proizvodstvo-grazhdanskikh-bespilotnikov-kratno-uvelichilo,2024,Year,высокая,Дальневосточный федеральный округ,округ_ДФО,В 2024 году в регионе Дальневосточный федеральный округ показатель «производство гражданских беспилотников в РФ выросло» в отрасли «дроностроение» составил 2.5 раз к 2023 г. Источник: ComNews.
2025 (дата публикации паспорта),Приморский край,СПВ,число резидентов Свободного порта Владивосток,1991,ед.,"rlw.gov.ru (""Паспорт региона"", со ссылкой на erdc.ru)",https://www.rlw.gov.ru/storage/document/document_file/2025-10/21/pasport-primorskogo-kraa-4.pdf,2025,Year,высокая,Приморский край,регион_ДФО,"В 2025 году в регионе Приморский край показатель «число резидентов Свободного порта Владивосток» в отрасли «СПВ» составил 1991 ед. Источник: rlw.gov.ru (""Паспорт региона"", со ссылкой на erdc.ru)."
2025 (дата публикации паспорта),Приморский край,СПВ,заявленные инвестиции резидентов СПВ,1854,млрд руб.,"rlw.gov.ru (""Паспорт региона"")",https://www.rlw.gov.ru/storage/document/document_file/2025-10/21/pasport-primorskogo-kraa-4.pdf,2025,Year,высокая,Приморский край,регион_ДФО,"В 2025 году в регионе Приморский край показатель «заявленные инвестиции резидентов СПВ» в отрасли «СПВ» составил 1854 млрд руб. Источник: rlw.gov.ru (""Паспорт региона"")."
2025 (дата публикации паспорта),Приморский край,СПВ,создаваемые рабочие места (резиденты СПВ),113174,рабочих мест,"rlw.gov.ru (""Паспорт региона"")",https://www.rlw.gov.ru/storage/document/document_file/2025-10/21/pasport-primorskogo-kraa-4.pdf,2025,Year,высокая,Приморский край,регион_ДФО,"В 2025 году в регионе Приморский край показатель «создаваемые рабочие места (резиденты СПВ)» в отрасли «СПВ» составил 113174 рабочих мест. Источник: rlw.gov.ru (""Паспорт региона"")."
2025 (дата публикации паспорта),Приморский край,ТОР,"число резидентов ТОР ""Приморье""",123,ед.,"rlw.gov.ru (""Паспорт региона"")",https://www.rlw.gov.ru/storage/document/document_file/2025-10/21/pasport-primorskogo-kraa-4.pdf,2025,Year,высокая,Приморский край,регион_ДФО,"В 2025 году в регионе Приморский край показатель «число резидентов ТОР ""Приморье""» в отрасли «ТОР» составил 123 ед. Источник: rlw.gov.ru (""Паспорт региона"")."
2025 (дата публикации паспорта),Приморский край,ТОР,"заявленные инвестиции резидентов ТОР ""Приморье""",211.4,млрд руб.,"rlw.gov.ru (""Паспорт региона"")",https://www.rlw.gov.ru/storage/document/document_file/2025-10/21/pasport-primorskogo-kraa-4.pdf,2025,Year,высокая,Приморский край,регион_ДФО,"В 2025 году в регионе Приморский край показатель «заявленные инвестиции резидентов ТОР ""Приморье""» в отрасли «ТОР» составил 211.4 млрд руб. Источник: rlw.gov.ru (""Паспорт региона"")."
2025 (дата публикации паспорта),Приморский край,ТОР,"создаваемые рабочие места (ТОР ""Приморье"")",15084,рабочих мест,"rlw.gov.ru (""Паспорт региона"")",https://www.rlw.gov.ru/storage/document/document_file/2025-10/21/pasport-primorskogo-kraa-4.pdf,2025,Year,высокая,Приморский край,регион_ДФО,"В 2025 году в регионе Приморский край показатель «создаваемые рабочие места (ТОР ""Приморье"")» в отрасли «ТОР» составил 15084 рабочих мест. Источник: rlw.gov.ru (""Паспорт региона"")."
2025 (годовой итог),Хабаровский край,ТОР,"пополнение ТОР ""Хабаровск"" новыми резидентами по итогам 2025 г.",25,ед.,EastRussia,https://www.eastrussia.ru/news/po-itogam-2025-goda-tor-khabarovsk-popolnilsya-25-rezidentami/,2025,Year,высокая,Хабаровский край,регион_ДФО,"В 2025 году в регионе Хабаровский край показатель «пополнение ТОР ""Хабаровск"" новыми резидентами по итогам 2025 г.» в отрасли «ТОР» составил 25 ед. Источник: EastRussia."
2025,ДФО,туризм (инвестиции),число туристических поездок на Дальний Восток за 2025 год,7.2,млн поездок,Минтранс РФ (со ссылкой на КРДВ),https://www.mintrans.gov.ru/press-center/branch-news/9073,2025,Year,высокая,Дальневосточный федеральный округ,округ_ДФО,В 2025 году в регионе Дальневосточный федеральный округ показатель «число туристических поездок на Дальний Восток за 2025 год» в отрасли «туризм (инвестиции)» составил 7.2 млн поездок. Источник: Минтранс РФ (со ссылкой на КРДВ).
2024,ДФО,туризм (инвестиции),рост числа турпоездок к 2024 году,9,% г/г,Минтранс РФ,https://www.mintrans.gov.ru/press-center/branch-news/9073,2024,Year,высокая,Дальневосточный федеральный округ,округ_ДФО,В 2024 году в регионе Дальневосточный федеральный округ показатель «рост числа турпоездок к 2024 году» в отрасли «туризм (инвестиции)» составил 9 % г/г. Источник: Минтранс РФ.
2018,ДФО,ВЭФ,итоги ВЭФ-2018 — подписано соглашений,175,ед.,EastRussia (цитата Ю.Трутнева),https://www.eastrussia.ru/news/uchastniki-vef-zaklyuchili-175-soglasheniy-na-2-9-trln-rubley/,2018,Year,высокая,Дальневосточный федеральный округ,округ_ДФО,В 2018 году в регионе Дальневосточный федеральный округ показатель «итоги ВЭФ-2018 — подписано соглашений» в отрасли «ВЭФ» составил 175 ед. Источник: EastRussia (цитата Ю.Трутнева).
2018,ДФО,ВЭФ,итоги ВЭФ-2018 — сумма соглашений,2.9,трлн руб.,EastRussia,https://www.eastrussia.ru/news/uchastniki-vef-zaklyuchili-175-soglasheniy-na-2-9-trln-rubley/,2018,Year,высокая,Дальневосточный федеральный округ,округ_ДФО,В 2018 году в регионе Дальневосточный федеральный округ показатель «итоги ВЭФ-2018 — сумма соглашений» в отрасли «ВЭФ» составил 2.9 трлн руб. Источник: EastRussia.
2017,ДФО,ВЭФ,"сумма соглашений ВЭФ-2017 (справочно, по ретроспективной цитате)",2.5,трлн руб.,EastRussia (ретроспективная цитата),https://www.eastrussia.ru/news/uchastniki-vef-zaklyuchili-175-soglasheniy-na-2-9-trln-rubley/,2017,Year,высокая,Дальневосточный федеральный округ,округ_ДФО,"В 2017 году в регионе Дальневосточный федеральный округ показатель «сумма соглашений ВЭФ-2017 (справочно, по ретроспективной цитате)» в отрасли «ВЭФ» составил 2.5 трлн руб. Источник: EastRussia (ретроспективная цитата)."
2016,ДФО,ВЭФ,сумма соглашений ВЭФ-2016 (справочно),1.8,трлн руб.,EastRussia (ретроспективная цитата),https://www.eastrussia.ru/news/uchastniki-vef-zaklyuchili-175-soglasheniy-na-2-9-trln-rubley/,2016,Year,высокая,Дальневосточный федеральный округ,округ_ДФО,В 2016 году в регионе Дальневосточный федеральный округ показатель «сумма соглашений ВЭФ-2016 (справочно)» в отрасли «ВЭФ» составил 1.8 трлн руб. Источник: EastRussia (ретроспективная цитата).
2015,ДФО,ВЭФ,сумма соглашений ВЭФ-2015 (справочно),1.3,трлн руб.,EastRussia (ретроспективная цитата),https://www.eastrussia.ru/news/uchastniki-vef-zaklyuchili-175-soglasheniy-na-2-9-trln-rubley/,2015,Year,высокая,Дальневосточный федеральный округ,округ_ДФО,В 2015 году в регионе Дальневосточный федеральный округ показатель «сумма соглашений ВЭФ-2015 (справочно)» в отрасли «ВЭФ» составил 1.3 трлн руб. Источник: EastRussia (ретроспективная цитата).
2023,ДФО,ВЭФ,итоги ВЭФ-2023 — подписано соглашений,373,ед.,"cdu.ru (Минэнерго, журнал ""ТЭК России"")",https://www.cdu.ru/tek_russia/articles/3/1303,2023,Year,высокая,Дальневосточный федеральный округ,округ_ДФО,"В 2023 году в регионе Дальневосточный федеральный округ показатель «итоги ВЭФ-2023 — подписано соглашений» в отрасли «ВЭФ» составил 373 ед. Источник: cdu.ru (Минэнерго, журнал ""ТЭК России"")."
2023,ДФО,ВЭФ,итоги ВЭФ-2023 — сумма соглашений,3.818,трлн руб.,cdu.ru,https://www.cdu.ru/tek_russia/articles/3/1303,2023,Year,высокая,Дальневосточный федеральный округ,округ_ДФО,В 2023 году в регионе Дальневосточный федеральный округ показатель «итоги ВЭФ-2023 — сумма соглашений» в отрасли «ВЭФ» составил 3.818 трлн руб. Источник: cdu.ru.
2024,ДФО,ВЭФ,заключено соглашений с иностранными организациями (ВЭФ-2024),27,ед.,cdu.ru,https://www.cdu.ru/tek_russia/articles/3/1303,2024,Year,высокая,Дальневосточный федеральный округ,округ_ДФО,В 2024 году в регионе Дальневосточный федеральный округ показатель «заключено соглашений с иностранными организациями (ВЭФ-2024)» в отрасли «ВЭФ» составил 27 ед. Источник: cdu.ru.
2025,ДФО,ВЭФ,итоги ВЭФ-2025 — подписано соглашений,353,ед.,Finance.Mail.ru / Expert.ru (цитата А.Кобякова),https://finance.mail.ru/article/soglasheniya-6-6-trln-rubley-byli-podpisany-v-ramkah-vef-2025-67767533/,2025,Year,высокая,Дальневосточный федеральный округ,округ_ДФО,В 2025 году в регионе Дальневосточный федеральный округ показатель «итоги ВЭФ-2025 — подписано соглашений» в отрасли «ВЭФ» составил 353 ед. Источник: Finance.Mail.ru / Expert.ru (цитата А.Кобякова).
2017,ДФО,демография,численность населения ДФО (до присоединения Бурятии и Забайкалья),6.2,млн чел.,Власть и управление на Востоке России (со ссылкой на Росстат),https://vlastdviu.ranepa.ru/downLoad/rio/j2025-2/3.pdf,2017,Year,высокая,Дальневосточный федеральный округ,округ_ДФО,В 2017 году в регионе Дальневосточный федеральный округ показатель «численность населения ДФО (до присоединения Бурятии и Забайкалья)» в отрасли «демография» составил 6.2 млн чел. Источник: Власть и управление на Востоке России (со ссылкой на Росстат).
2018,ДФО,демография,численность населения ДФО (после присоединения Бурятии и Забайкальского края),8.2,млн чел.,Власть и управление на Востоке России,https://vlastdviu.ranepa.ru/downLoad/rio/j2025-2/3.pdf,2018,Year,высокая,Дальневосточный федеральный округ,округ_ДФО,В 2018 году в регионе Дальневосточный федеральный округ показатель «численность населения ДФО (после присоединения Бурятии и Забайкальского края)» в отрасли «демография» составил 8.2 млн чел. Источник: Власть и управление на Востоке России.
2025,Хабаровский край,демография,"численность населения (паспорт региона, версия от мая 2025)",1273.091,тыс. чел.,"rlw.gov.ru (""Паспорт региона"")",https://www.rlw.gov.ru/storage/document/document_file/2025-05/19/pasport-habarovskij-kraj-1.pdf,2025,Year,высокая,Хабаровский край,регион_ДФО,"В 2025 году в регионе Хабаровский край показатель «численность населения (паспорт региона, версия от мая 2025)» в отрасли «демография» составил 1273.091 тыс. чел. Источник: rlw.gov.ru (""Паспорт региона"")."
2025,Хабаровский край,демография,"численность населения (паспорт региона, версия от сентября 2025)",1273.488,тыс. чел.,"rlw.gov.ru (""Паспорт региона"")",https://www.rlw.gov.ru/storage/document/document_file/2025-09/18/pasport-habarovskij-kraj-17.09.pdf,2025,Year,высокая,Хабаровский край,регион_ДФО,"В 2025 году в регионе Хабаровский край показатель «численность населения (паспорт региона, версия от сентября 2025)» в отрасли «демография» составил 1273.488 тыс. чел. Источник: rlw.gov.ru (""Паспорт региона"")."
2024 (г/г),Дальневосточный федеральный округ,труд,динамика реальных денежных доходов населения (2024 к 2023),"106,0",% г/г,EastRussia (со ссылкой на Росстат),https://www.eastrussia.ru/news/chukotka-edinstvennyy-region-dfo-v-top-3-rossii-po-dokhodam-naseleniya/,2024,Year,высокая,Дальневосточный федеральный округ,округ_ДФО,"В 2024 году в регионе Дальневосточный федеральный округ показатель «динамика реальных денежных доходов населения (2024 к 2023)» в отрасли «труд» составил 106,0 % г/г. Источник: EastRussia (со ссылкой на Росстат)."
2024 (г/г),Амурская область,труд,динамика реальных денежных доходов населения (2024 к 2023),"109,8",% г/г,EastRussia (со ссылкой на Росстат),https://www.eastrussia.ru/news/chukotka-edinstvennyy-region-dfo-v-top-3-rossii-po-dokhodam-naseleniya/,2024,Year,высокая,Амурская область,регион_ДФО,"В 2024 году в регионе Амурская область показатель «динамика реальных денежных доходов населения (2024 к 2023)» в отрасли «труд» составил 109,8 % г/г. Источник: EastRussia (со ссылкой на Росстат)."
2024 (г/г),Еврейская автономная область,труд,динамика реальных денежных доходов населения (2024 к 2023),"108,9",% г/г,EastRussia (со ссылкой на Росстат),https://www.eastrussia.ru/news/chukotka-edinstvennyy-region-dfo-v-top-3-rossii-po-dokhodam-naseleniya/,2024,Year,высокая,Еврейская автономная область,регион_ДФО,"В 2024 году в регионе Еврейская автономная область показатель «динамика реальных денежных доходов населения (2024 к 2023)» в отрасли «труд» составил 108,9 % г/г. Источник: EastRussia (со ссылкой на Росстат)."
2024 (г/г),Приморский край,труд,динамика реальных денежных доходов населения (2024 к 2023),"108,1",% г/г,EastRussia (со ссылкой на Росстат),https://www.eastrussia.ru/news/chukotka-edinstvennyy-region-dfo-v-top-3-rossii-po-dokhodam-naseleniya/,2024,Year,высокая,Приморский край,регион_ДФО,"В 2024 году в регионе Приморский край показатель «динамика реальных денежных доходов населения (2024 к 2023)» в отрасли «труд» составил 108,1 % г/г. Источник: EastRussia (со ссылкой на Росстат)."
2024 (г/г),Республика Саха (Якутия),труд,динамика реальных денежных доходов населения (2024 к 2023),"107,2",% г/г,EastRussia (со ссылкой на Росстат),https://www.eastrussia.ru/news/chukotka-edinstvennyy-region-dfo-v-top-3-rossii-po-dokhodam-naseleniya/,2024,Year,высокая,Республика Саха (Якутия),регион_ДФО,"В 2024 году в регионе Республика Саха (Якутия) показатель «динамика реальных денежных доходов населения (2024 к 2023)» в отрасли «труд» составил 107,2 % г/г. Источник: EastRussia (со ссылкой на Росстат)."
2024 (г/г),Забайкальский край,труд,динамика реальных денежных доходов населения (2024 к 2023),"107,0",% г/г,EastRussia (со ссылкой на Росстат),https://www.eastrussia.ru/news/chukotka-edinstvennyy-region-dfo-v-top-3-rossii-po-dokhodam-naseleniya/,2024,Year,высокая,Забайкальский край,регион_ДФО,"В 2024 году в регионе Забайкальский край показатель «динамика реальных денежных доходов населения (2024 к 2023)» в отрасли «труд» составил 107,0 % г/г. Источник: EastRussia (со ссылкой на Росстат)."
2024 (г/г),Республика Бурятия,труд,динамика реальных денежных доходов населения (2024 к 2023),"105,7",% г/г,EastRussia (со ссылкой на Росстат),https://www.eastrussia.ru/news/chukotka-edinstvennyy-region-dfo-v-top-3-rossii-po-dokhodam-naseleniya/,2024,Year,высокая,Республика Бурятия,регион_ДФО,"В 2024 году в регионе Республика Бурятия показатель «динамика реальных денежных доходов населения (2024 к 2023)» в отрасли «труд» составил 105,7 % г/г. Источник: EastRussia (со ссылкой на Росстат)."
2024 (г/г),Сахалинская область,труд,динамика реальных денежных доходов населения (2024 к 2023),"105,3",% г/г,EastRussia (со ссылкой на Росстат),https://www.eastrussia.ru/news/chukotka-edinstvennyy-region-dfo-v-top-3-rossii-po-dokhodam-naseleniya/,2024,Year,высокая,Сахалинская область,регион_ДФО,"В 2024 году в регионе Сахалинская область показатель «динамика реальных денежных доходов населения (2024 к 2023)» в отрасли «труд» составил 105,3 % г/г. Источник: EastRussia (со ссылкой на Росстат)."
2024 (г/г),Магаданская область,труд,динамика реальных денежных доходов населения (2024 к 2023),"105,3",% г/г,EastRussia (со ссылкой на Росстат),https://www.eastrussia.ru/news/chukotka-edinstvennyy-region-dfo-v-top-3-rossii-po-dokhodam-naseleniya/,2024,Year,высокая,Магаданская область,регион_ДФО,"В 2024 году в регионе Магаданская область показатель «динамика реальных денежных доходов населения (2024 к 2023)» в отрасли «труд» составил 105,3 % г/г. Источник: EastRussia (со ссылкой на Росстат)."
2024 (г/г),Хабаровский край,труд,динамика реальных денежных доходов населения (2024 к 2023),"103,3",% г/г,EastRussia (со ссылкой на Росстат),https://www.eastrussia.ru/news/chukotka-edinstvennyy-region-dfo-v-top-3-rossii-po-dokhodam-naseleniya/,2024,Year,высокая,Хабаровский край,регион_ДФО,"В 2024 году в регионе Хабаровский край показатель «динамика реальных денежных доходов населения (2024 к 2023)» в отрасли «труд» составил 103,3 % г/г. Источник: EastRussia (со ссылкой на Росстат)."
2024 (г/г),Чукотский автономный округ,труд,динамика реальных денежных доходов населения (2024 к 2023),"101,0",% г/г,EastRussia (со ссылкой на Росстат),https://www.eastrussia.ru/news/chukotka-edinstvennyy-region-dfo-v-top-3-rossii-po-dokhodam-naseleniya/,2024,Year,высокая,Чукотский автономный округ,регион_ДФО,"В 2024 году в регионе Чукотский автономный округ показатель «динамика реальных денежных доходов населения (2024 к 2023)» в отрасли «труд» составил 101,0 % г/г. Источник: EastRussia (со ссылкой на Росстат)."
2024 (г/г),Камчатский край,труд,динамика реальных денежных доходов населения (2024 к 2023),"100,1",% г/г,EastRussia (со ссылкой на Росстат),https://www.eastrussia.ru/news/chukotka-edinstvennyy-region-dfo-v-top-3-rossii-po-dokhodam-naseleniya/,2024,Year,высокая,Камчатский край,регион_ДФО,"В 2024 году в регионе Камчатский край показатель «динамика реальных денежных доходов населения (2024 к 2023)» в отрасли «труд» составил 100,1 % г/г. Источник: EastRussia (со ссылкой на Росстат)."
2016,Камчатский край,труд,среднемесячная номинальная начисленная зарплата (годовой показатель),61159,руб.,"Камчатстат (""Заработная плата работников организаций Камчатского края в 2021 году"")",https://41.rosstat.gov.ru/storage/mediabank/Заработная плата(93).pdf,2016,Year,высокая,Камчатский край,регион_ДФО,"В 2016 году в регионе Камчатский край показатель «среднемесячная номинальная начисленная зарплата (годовой показатель)» в отрасли «труд» составил 61159 руб. Источник: Камчатстат (""Заработная плата работников организаций Камчатского края в 2021 году"")."
2017,Камчатский край,труд,среднемесячная номинальная начисленная зарплата (годовой показатель),65807,руб.,"Камчатстат (""Заработная плата работников организаций Камчатского края в 2021 году"")",https://41.rosstat.gov.ru/storage/mediabank/Заработная плата(93).pdf,2017,Year,высокая,Камчатский край,регион_ДФО,"В 2017 году в регионе Камчатский край показатель «среднемесячная номинальная начисленная зарплата (годовой показатель)» в отрасли «труд» составил 65807 руб. Источник: Камчатстат (""Заработная плата работников организаций Камчатского края в 2021 году"")."
2018,Камчатский край,труд,среднемесячная номинальная начисленная зарплата (годовой показатель),73896,руб.,"Камчатстат (""Заработная плата работников организаций Камчатского края в 2021 году"")",https://41.rosstat.gov.ru/storage/mediabank/Заработная плата(93).pdf,2018,Year,высокая,Камчатский край,регион_ДФО,"В 2018 году в регионе Камчатский край показатель «среднемесячная номинальная начисленная зарплата (годовой показатель)» в отрасли «труд» составил 73896 руб. Источник: Камчатстат (""Заработная плата работников организаций Камчатского края в 2021 году"")."
2019,Камчатский край,труд,среднемесячная номинальная начисленная зарплата (годовой показатель),80448,руб.,"Камчатстат (""Заработная плата работников организаций Камчатского края в 2021 году"")",https://41.rosstat.gov.ru/storage/mediabank/Заработная плата(93).pdf,2019,Year,высокая,Камчатский край,регион_ДФО,"В 2019 году в регионе Камчатский край показатель «среднемесячная номинальная начисленная зарплата (годовой показатель)» в отрасли «труд» составил 80448 руб. Источник: Камчатстат (""Заработная плата работников организаций Камчатского края в 2021 году"")."
2020,Камчатский край,труд,среднемесячная номинальная начисленная зарплата (годовой показатель),85623,руб.,"Камчатстат (""Заработная плата работников организаций Камчатского края в 2021 году"")",https://41.rosstat.gov.ru/storage/mediabank/Заработная плата(93).pdf,2020,Year,высокая,Камчатский край,регион_ДФО,"В 2020 году в регионе Камчатский край показатель «среднемесячная номинальная начисленная зарплата (годовой показатель)» в отрасли «труд» составил 85623 руб. Источник: Камчатстат (""Заработная плата работников организаций Камчатского края в 2021 году"")."
2021,Камчатский край,труд,среднемесячная номинальная начисленная зарплата (годовой показатель),93880,руб.,"Камчатстат (""Заработная плата работников организаций Камчатского края в 2021 году"")",https://41.rosstat.gov.ru/storage/mediabank/Заработная плата(93).pdf,2021,Year,высокая,Камчатский край,регион_ДФО,"В 2021 году в регионе Камчатский край показатель «среднемесячная номинальная начисленная зарплата (годовой показатель)» в отрасли «труд» составил 93880 руб. Источник: Камчатстат (""Заработная плата работников организаций Камчатского края в 2021 году"")."
2024,ДФО,демография,численность постоянного населения на 1 января 2024 г.,7851.3,тыс. чел.,EastRussia (интервью директора ФАНУ «Востокгосплан» М.Кузнецова),https://www.eastrussia.ru/material/demografiya-dalnego-vostoka-razvorachivaya-trend/,2024,Year,высокая,Дальневосточный федеральный округ,округ_ДФО,В 2024 году в регионе Дальневосточный федеральный округ показатель «численность постоянного населения на 1 января 2024 г.» в отрасли «демография» составил 7851.3 тыс. чел. Источник: EastRussia (интервью директора ФАНУ «Востокгосплан» М.Кузнецова).
2025,ДФО,демография,численность постоянного населения на 1 января 2025 г.,7860.3,тыс. чел.,"EastRussia (Бюллетень EastRussia, со ссылкой на Росстат)",https://www.eastrussia.ru/material/byulleten-eastrussia-analiticheskiy-obzor-sotsialnoy-sfery-dfo-vesna-2026/,2025,Year,высокая,Дальневосточный федеральный округ,округ_ДФО,"В 2025 году в регионе Дальневосточный федеральный округ показатель «численность постоянного населения на 1 января 2025 г.» в отрасли «демография» составил 7860.3 тыс. чел. Источник: EastRussia (Бюллетень EastRussia, со ссылкой на Росстат)."
2019,ДФО,демография,коэффициент миграционного прироста/убыли (на 10 тыс. чел. населения),-13,чел. на 10 тыс. населения,"Известия ДВФУ. Экономика и управление, 2025, №2 (научная статья, данные Росстата)",https://journals.dvfu.ru/jem/article/download/1902/1329/7409,2019,Year,высокая,Дальневосточный федеральный округ,округ_ДФО,"В 2019 году в регионе Дальневосточный федеральный округ показатель «коэффициент миграционного прироста/убыли (на 10 тыс. чел. населения)» в отрасли «демография» составил -13 чел. на 10 тыс. населения. Источник: Известия ДВФУ. Экономика и управление, 2025, №2 (научная статья, данные Росстата)."
2020,ДФО,демография,коэффициент миграционного прироста/убыли (на 10 тыс. чел. населения),-42,чел. на 10 тыс. населения,"Известия ДВФУ. Экономика и управление, 2025, №2",https://journals.dvfu.ru/jem/article/download/1902/1329/7409,2020,Year,высокая,Дальневосточный федеральный округ,округ_ДФО,"В 2020 году в регионе Дальневосточный федеральный округ показатель «коэффициент миграционного прироста/убыли (на 10 тыс. чел. населения)» в отрасли «демография» составил -42 чел. на 10 тыс. населения. Источник: Известия ДВФУ. Экономика и управление, 2025, №2."
2021,ДФО,демография,коэффициент миграционного прироста/убыли (на 10 тыс. чел. населения),-4,чел. на 10 тыс. населения,"Известия ДВФУ. Экономика и управление, 2025, №2",https://journals.dvfu.ru/jem/article/download/1902/1329/7409,2021,Year,высокая,Дальневосточный федеральный округ,округ_ДФО,"В 2021 году в регионе Дальневосточный федеральный округ показатель «коэффициент миграционного прироста/убыли (на 10 тыс. чел. населения)» в отрасли «демография» составил -4 чел. на 10 тыс. населения. Источник: Известия ДВФУ. Экономика и управление, 2025, №2."
2022,ДФО,демография,коэффициент миграционного прироста/убыли (на 10 тыс. чел. населения),-47,чел. на 10 тыс. населения,"Известия ДВФУ. Экономика и управление, 2025, №2",https://journals.dvfu.ru/jem/article/download/1902/1329/7409,2022,Year,высокая,Дальневосточный федеральный округ,округ_ДФО,"В 2022 году в регионе Дальневосточный федеральный округ показатель «коэффициент миграционного прироста/убыли (на 10 тыс. чел. населения)» в отрасли «демография» составил -47 чел. на 10 тыс. населения. Источник: Известия ДВФУ. Экономика и управление, 2025, №2."
2023,ДФО,демография,коэффициент миграционного прироста/убыли (на 10 тыс. чел. населения),-18,чел. на 10 тыс. населения,"Известия ДВФУ. Экономика и управление, 2025, №2",https://journals.dvfu.ru/jem/article/download/1902/1329/7409,2023,Year,высокая,Дальневосточный федеральный округ,округ_ДФО,"В 2023 году в регионе Дальневосточный федеральный округ показатель «коэффициент миграционного прироста/убыли (на 10 тыс. чел. населения)» в отрасли «демография» составил -18 чел. на 10 тыс. населения. Источник: Известия ДВФУ. Экономика и управление, 2025, №2."
2024,ДФО,демография,"миграционная убыль (абсолютное значение, версия директора «Востокгосплана» М.Кузнецова)",-14200,чел.,EastRussia (интервью М.Кузнецова),https://www.eastrussia.ru/material/demografiya-dalnego-vostoka-razvorachivaya-trend/,2024,Year,высокая,Дальневосточный федеральный округ,округ_ДФО,"В 2024 году в регионе Дальневосточный федеральный округ показатель «миграционная убыль (абсолютное значение, версия директора «Востокгосплана» М.Кузнецова)» в отрасли «демография» составил -14200 чел. Источник: EastRussia (интервью М.Кузнецова)."
